Date,Opponent,Result,SP,K,E,TA,PCT,AST,SA,SE,DIG,RE,BS,BA,BE,TB,BHE,PTS,G,Team
11/29/2025,Iowa,W,4,59,8,141,0.362,55,7,5,56,8,1,28,1,15,1,81,W,penn state
11/28/2025,Nebraska,L,3,23,22,94,0.011,22,0,7,23,7,0,4,0,2,0,25,W,penn state
11/23/2025,Maryland,W,3,52,8,98,0.449,49,6,6,50,1,1,16,1,9,0,67,W,penn state
11/21/2025,Michigan St.,W,3,47,15,115,0.278,43,4,8,56,2,0,18,0,9,0,60,W,penn state
11/16/2025,Ohio St.,W,5,75,24,172,0.297,70,3,10,64,7,1,20,1,11,0,89,W,penn state
11/14/2025,Minnesota,L,3,41,17,115,0.209,41,3,14,35,4,1,15,1,8.5,0,52.5,W,penn state
11/09/2025,Illinois,W,4,66,15,175,0.291,60,8,13,70,2,1,14,1,8,0,82,W,penn state
11/07/2025,Purdue,L,3,42,14,116,0.241,41,3,10,45,4,0,10,0,5,0,50,W,penn state
11/02/2025,Indiana,L,3,36,12,103,0.233,34,1,12,40,6,1,12,2,7,0,44,W,penn state
10/31/2025,Michigan,L,5,65,32,186,0.177,58,11,12,64,2,4,16,2,12,0,88,W,penn state
10/26/2025,Ohio St.,W,4,62,17,146,0.308,57,8,17,61,9,2,12,1,8,0,78,W,penn state
10/24/2025,Rutgers,W,3,45,7,92,0.413,39,5,15,35,2,0,20,1,10,0,60,W,penn state
10/18/2025,Oregon,W,4,60,17,126,0.341,57,8,19,50,9,1,14,0,8,0,76,W,penn state
10/17/2025,Washington,L,5,61,30,176,0.176,58,10,17,67,7,1,4,1,3,0,74,W,penn state
10/11/2025,Northwestern,W,4,59,16,132,0.326,57,5,17,62,5,0,14,1,7,0,71,W,penn state
10/10/2025,Wisconsin,W,3,44,15,98,0.296,40,5,9,39,1,1,12,1,7,0,56,W,penn state
10/05/2025,Maryland,W,5,61,29,148,0.216,55,8,13,64,7,2,8,0,6,0,75,W,penn state
10/03/2025,Nebraska,L,3,16,26,88,-0.114,14,3,5,20,4,2,6,0,5,0,24,W,penn state
09/28/2025,UCLA,L,4,62,26,163,0.221,56,3,9,62,5,0,12,2,6,0,71,W,penn state
09/26/2025,Southern California,W,5,62,26,157,0.229,58,7,14,65,6,4,16,2,12,0,81,W,penn state
09/21/2025,Central Mich.,W,3,47,12,98,0.357,45,7,8,37,7,0,16,2,8,0,62,W,penn state
09/19/2025,Princeton,W,5,68,21,144,0.326,63,4,8,53,5,1,16,2,9,0,81,W,penn state
09/17/2025,Pittsburgh,L,4,48,26,130,0.169,44,4,9,39,6,3,14,2,10,0,62,W,penn state
09/09/2025,Bucknell,W,3,47,11,96,0.375,42,5,13,38,2,2,14,0,9,0,61,W,penn state
09/07/2025,New Hampshire,W,3,46,9,86,0.43,41,11,9,30,0,2,10,1,7,0,64,W,penn state
09/05/2025,Kentucky,L,3,40,15,104,0.24,39,2,6,40,4,0,10,1,5,0,47,W,penn state
09/01/2025,TCU,L,5,50,31,140,0.136,49,4,11,61,11,1,20,1,11,0,65,W,penn state
08/31/2025,Arizona St.,L,4,52,27,144,0.174,49,4,17,57,5,2,16,2,10,0,66,W,penn state
08/25/2025,Kansas,W,5,72,29,167,0.257,65,5,9,58,4,0,14,0,7,0,84,W,penn state
08/23/2025,Creighton,W,3,47,12,119,0.294,45,7,9,52,5,0,16,1,8,0,62,W,penn state
8/31/2025, Pittsburgh,L,4,50,22,127,0.22,45,8,10,47,8,0,12,0,6,0,64,W,TCU
9/1/2025, Penn St.,W,5,51,24,146,0.185,46,11,13,52,4,0,22,2,11,0,73,W,TCU
9/5/2025, UCLA,W,3,37,17,108,0.185,36,1,6,47,3,0,28,1,14,0,52,W,TCU
9/6/2025, UCLA,W,4,63,18,162,0.278,59,4,13,71,4,1,8,1,5,0,72,W,TCU
9/10/2025, Texas A&M,W,5,65,23,184,0.228,61,8,9,70,3,1,21,4,11.5,0,84.5,W,TCU
9/11/2025, Wyoming,W,3,46,17,127,0.228,42,8,7,66,2,1,16,1,9,0,63,W,TCU
9/12/2025, Rhode Island,W,3,47,13,100,0.34,46,1,9,49,2,1,14,1,8,0,56,W,TCU
9/12/2025, Missouri,W,4,64,20,176,0.25,60,1,13,67,3,1,27,1,14.5,0,79.5,W,TCU
9/17/2025, Texas,L,3,28,13,92,0.163,26,1,7,23,6,3,11,0,8.5,0,37.5,W,TCU
9/19/2025, A&M-Corpus Christi,W,4,53,18,141,0.248,46,7,10,69,6,2,13,0,8.5,0,68.5,W,TCU
9/19/2025, Cornell,W,3,39,16,93,0.247,31,10,10,24,5,0,8,1,4,0,53,W,TCU
9/20/2025, Rice,W,4,53,15,131,0.29,49,6,13,57,4,3,18,0,12,1,71,W,TCU
9/24/2025, Houston,W,3,53,20,133,0.248,52,3,9,63,1,1,9,0,5.5,0,61.5,W,TCU
9/27/2025, Baylor,L,5,55,27,173,0.162,51,5,15,79,5,3,18,1,12,3,72,W,TCU
10/1/2025, Kansas,W,4,63,12,145,0.352,57,7,13,60,2,2,12,0,8,0,78,W,TCU
10/4/2025, Texas Tech,W,3,41,11,94,0.319,39,7,11,35,1,2,8,0,6,0,54,W,TCU
10/9/2025, UCF,W,4,58,21,156,0.237,50,3,8,72,9,2,22,1,13,0,74,W,TCU
10/15/2025, Cincinni,W,4,63,16,147,0.32,60,5,8,55,3,2,2,1,3,0,71,W,TCU
10/17/2025, Kansas St.,W,4,67,27,182,0.22,63,4,9,85,5,0,14,1,7,0,78,W,TCU
10/22/2025, Kansas,L,3,36,16,110,0.182,35,5,6,54,4,0,11,2,5.5,0,46.5,W,TCU
10/25/2025, BYU,L,4,47,22,121,0.207,45,2,7,58,3,2,20,2,12,0,61,W,TCU
10/29/2025, Arizona St.,L,4,39,31,133,0.06,38,4,10,50,6,0,14,0,7,0,50,W,TCU
10/31/2025, Arizona,L,3,37,20,126,0.135,35,5,8,54,6,1,6,0,4,0,46,W,TCU
11/7/2025, Utah,W,4,68,11,158,0.361,61,4,4,64,8,1,12,1,7,0,79,W,TCU
11/9/2025, West Virginia,W,3,42,9,101,0.327,41,9,6,45,3,2,10,0,7,0,58,W,TCU
11/13/2025, Colorado,L,5,57,24,150,0.22,50,4,10,54,10,8,22,2,19,1,80,W,TCU
11/15/2025, Iowa St.,L,4,52,23,159,0.182,47,4,7,71,6,1,8,0,5,1,61,W,TCU
11/22/2025, Texas Tech,W,5,64,22,160,0.263,62,1,9,66,11,4,22,0,15,1,80,W,TCU
11/26/2025, Baylor,L,5,60,27,166,0.199,57,5,8,65,5,0,9,1,4.5,1,69.5,W,TCU
11/29/2025, Houston,W,4,52,17,147,0.238,47,6,6,69,1,0,20,2,10,0,68,W,TCU
8/25/2025, Texas A&M,L,4,48,18,124,0.242,43,4,11,38,1,2,10,2,7,0,59,W,minnesota
8/29/2025, Cal Poly,W,4,69,14,157,0.35,62,2,11,78,4,2,6,3,5,0,76,W,minnesota
8/30/2025, Ball St.,W,3,50,5,86,0.523,45,4,4,38,1,2,8,1,6,0,60,W,minnesota
8/31/2025, St. Thomas (MN),W,4,46,18,118,0.237,44,10,8,49,4,1,16,2,9,0,65,W,minnesota
9/5/2025, Vanderbilt,W,3,35,14,85,0.247,35,5,10,36,6,3,18,1,12,0,52,W,minnesota
9/6/2025, Lipscomb,W,3,35,6,81,0.358,35,7,5,38,3,2,18,0,11,0,53,W,minnesota
9/12/2025, South Fla.,W,3,35,9,77,0.338,32,8,8,31,5,0,23,2,11.5,0,54.5,W,minnesota
9/13/2025, Dayton,W,3,49,13,118,0.305,46,4,12,49,6,1,14,1,8,0,61,W,minnesota
9/14/2025, South Dakota St.,W,4,55,24,158,0.196,47,5,6,70,4,4,27,0,17.5,0,77.5,W,minnesota
9/19/2025, Loyola Chicago,W,3,43,7,96,0.375,40,4,5,52,2,1,12,1,7,0,54,W,minnesota
9/21/2025, Marquette,W,3,51,16,132,0.265,48,1,2,59,1,3,20,2,13,0,65,W,minnesota
9/25/2025, Michigan St.,W,3,40,5,90,0.389,38,4,5,37,3,2,12,2,8,0,52,W,minnesota
9/28/2025, Rutgers,W,3,41,10,84,0.369,36,11,5,31,6,0,10,5,5,0,57,W,minnesota
10/1/2025, Michigan,L,4,29,19,108,0.093,25,4,4,37,3,1,14,5,8,0,41,W,minnesota
10/5/2025, Northwestern,W,4,53,15,131,0.29,50,6,14,58,5,1,20,4,11,0,70,W,minnesota
10/8/2025, UCLA,L,3,31,20,123,0.089,27,5,6,47,4,0,8,0,4,0,40,W,minnesota
10/12/2025, Ohio St.,W,3,39,13,92,0.283,38,11,5,33,5,2,8,2,6,0,56,W,minnesota
10/17/2025, Oregon,L,4,35,14,116,0.181,28,5,14,40,10,2,18,0,11,0,51,W,minnesota
10/18/2025, Washington,W,4,47,14,124,0.266,37,6,4,52,4,0,24,0,12,0,65,W,minnesota
10/24/2025, Indiana,W,4,61,12,119,0.412,54,10,11,46,10,2,14,1,9,0,80,W,minnesota
10/26/2025, Purdue,L,5,60,18,166,0.253,57,11,8,53,6,3,23,4,14.5,0,85.5,W,minnesota
10/29/2025, Illinois,W,3,46,12,101,0.337,42,5,7,42,4,0,22,2,11,0,62,W,minnesota
11/1/2025, Southern California,L,5,56,27,160,0.181,52,15,5,57,7,2,13,3,8.5,0,79.5,W,minnesota
11/5/2025, Wisconsin,L,4,49,17,120,0.267,46,7,15,42,7,1,20,3,11,0,67,W,minnesota
11/8/2025, Nebraska,L,3,36,10,97,0.268,33,4,6,33,4,1,8,1,5,0,45,W,minnesota
11/14/2025, Penn St.,W,3,40,17,95,0.242,34,4,7,46,3,1,10,1,6,0,50,W,minnesota
11/16/2025, Iowa,W,5,67,17,146,0.342,64,2,10,54,6,1,30,1,16,0,85,W,minnesota
11/21/2025, Maryland,W,3,44,8,92,0.391,39,6,10,48,3,0,14,0,7,0,57,W,minnesota
11/23/2025, Rutgers,W,3,36,8,75,0.373,35,6,5,28,6,1,26,2,14,0,56,W,minnesota
11/26/2025, Purdue,W,4,54,17,147,0.252,47,4,6,59,6,1,12,2,7,0,65,W,minnesota
11/28/2025, Wisconsin,L,3,26,14,91,0.132,25,3,1,46,8,0,12,1,6,0,35,W,minnesota
9/1/2025, Long Beach St.,W,5,66,20,149,0.309,58,2,21,47,7,1,22,2,12,0,80,W,ucla
9/2/2025, Pepperdine,L,4,51,25,151,0.172,50,2,5,63,7,3,14,0,10,0,63,W,ucla
9/5/2025, TCU,L,3,39,27,125,0.096,39,3,9,49,1,1,18,3,10,0,52,W,ucla
9/6/2025, TCU,L,4,42,22,145,0.138,40,4,7,64,4,1,8,0,5,0,51,W,ucla
9/11/2025, UTEP,W,3,45,13,97,0.33,37,6,5,34,2,0,6,0,3,0,54,W,ucla
9/12/2025, Oral Roberts,W,3,38,13,95,0.263,36,8,12,40,3,1,22,1,12,0,58,W,ucla
9/13/2025, Texas Southern,W,3,41,13,81,0.346,39,9,3,47,1,1,6,0,4,0,54,W,ucla
9/19/2025, Texas St.,W,4,60,23,150,0.247,55,7,12,50,5,0,16,5,8,0,75,W,ucla
9/20/2025, Hawaii,W,3,41,13,93,0.301,37,5,8,40,0,0,16,4,8,0,54,W,ucla
9/21/2025, Stanford,L,4,36,23,115,0.113,35,1,11,35,9,1,18,3,10,0,47,W,ucla
9/26/2025, Ohio St.,W,5,64,24,155,0.258,58,4,9,64,10,0,18,0,9,1,77,W,ucla
9/28/2025, Penn St.,W,4,57,18,148,0.264,54,5,7,66,3,1,21,3,11.5,0,73.5,W,ucla
10/2/2025, Purdue,L,5,68,29,176,0.222,67,5,13,62,2,0,17,3,8.5,0,81.5,W,ucla
10/4/2025, Indiana,L,4,56,23,130,0.254,55,2,9,58,5,3,4,2,5,0,63,W,ucla
10/8/2025, Minnesota,W,3,42,16,113,0.23,42,4,9,59,5,1,22,4,12,0,58,W,ucla
10/11/2025, Southern California,W,3,41,17,100,0.24,38,2,4,45,2,1,16,1,9,0,52,W,ucla
10/17/2025, Wisconsin,L,3,29,23,97,0.062,28,2,5,39,4,1,12,3,7,0,38,W,ucla
10/19/2025, Iowa,W,3,41,11,94,0.319,38,9,5,40,0,1,10,0,6,0,56,W,ucla
10/22/2025, Oregon,L,3,36,14,104,0.212,33,2,6,35,5,0,10,3,5,0,43,W,ucla
10/25/2025, Maryland,W,3,48,13,109,0.321,45,4,9,51,4,4,12,0,10,0,62,W,ucla
10/29/2025, Southern California,L,3,42,10,106,0.302,39,2,11,45,2,1,6,1,4,0,48,W,ucla
11/2/2025, Washington,W,4,55,32,185,0.124,52,3,6,87,4,4,10,1,9,0,67,W,ucla
11/6/2025, Oregon,L,4,44,30,140,0.1,40,2,10,48,12,4,10,0,9,0,55,W,ucla
11/8/2025, Northwestern,W,5,56,26,160,0.188,54,4,5,77,4,0,30,1,15,1,75,W,ucla
11/14/2025, Nebraska,L,4,55,25,136,0.221,53,5,9,59,5,1,12,0,7,0,67,W,ucla
11/15/2025, Rutgers,W,3,44,11,102,0.324,42,1,8,46,2,0,16,2,8,0,53,W,ucla
11/20/2025, Illinois,W,5,69,29,201,0.199,63,5,8,90,4,1,18,2,10,0,84,W,ucla
11/22/2025, Washington,L,3,40,18,118,0.186,36,3,5,48,8,2,8,3,6,2,49,W,ucla
11/26/2025, Michigan,W,5,61,25,141,0.255,58,6,6,57,7,3,6,3,6,0,73,W,ucla
11/28/2025, Michigan St.,W,5,53,22,148,0.209,50,4,3,66,8,1,24,0,13,0,70,W,ucla
11/29/2025,Indiana,W,4,47,22,127,0.197,44,9,4,51,8,3,24,3,15,0,71,W,purdue
11/26/2025,Minnesota,L,4,65,22,156,0.276,64,6,12,66,4,1,20,3,11,0,82,W,purdue
11/23/2025,Northwestern,W,4,69,16,148,0.358,68,7,6,65,6,2,12,1,8,0,84,W,purdue
11/19/2025,Wisconsin,L,3,34,16,98,0.184,31,0,7,39,4,0,6,5,3,0,37,W,purdue
11/15/2025,Oregon,L,5,68,17,149,0.342,64,3,12,47,7,0,12,0,6,0,77,W,purdue
11/14/2025,Maryland,W,3,41,11,84,0.357,37,8,6,29,4,4,12,1,10,0,59,W,purdue
11/08/2025,Iowa,W,4,46,16,136,0.221,41,7,11,60,8,4,15,2,11.5,0,64.5,W,purdue
11/07/2025,Penn St.,W,3,46,12,109,0.312,45,4,6,53,3,0,15,0,7.5,0,57.5,W,purdue
11/02/2025,Michigan,W,5,67,32,164,0.213,60,9,4,52,7,1,12,5,7,0,83,W,purdue
10/31/2025,Michigan St.,W,5,68,16,170,0.306,67,5,12,74,9,3,32,4,19,0,92,W,purdue
10/26/2025,Minnesota,W,5,74,29,167,0.269,70,6,12,65,11,4,6,2,7,0,87,W,purdue
10/24/2025,Illinois,W,3,46,8,101,0.376,41,4,6,44,0,2,20,3,12,0,62,W,purdue
10/19/2025,Rutgers,W,3,46,12,106,0.321,44,4,10,39,5,2,12,0,8,0,58,W,purdue
10/12/2025,Nebraska,L,3,31,13,97,0.186,30,2,2,34,5,2,6,2,5,0,38,W,purdue
10/09/2025,Ohio St.,W,3,45,6,91,0.429,40,1,4,34,7,2,14,2,9,0,55,W,purdue
10/04/2025,Southern California,W,3,46,15,108,0.287,38,1,7,48,1,7,8,0,11,0,58,W,purdue
10/02/2025,UCLA,W,5,64,26,161,0.236,59,2,11,62,5,1,20,2,11,1,77,W,purdue
09/28/2025,Illinois,L,4,47,22,128,0.195,45,6,7,51,3,2,24,1,14,0,67,W,purdue
09/25/2025,Washington,W,3,47,16,115,0.27,40,3,4,42,4,1,10,3,6,0,56,W,purdue
09/21/2025,IU Indy,W,4,52,11,116,0.353,50,5,9,40,5,4,16,1,12,0,69,W,purdue
09/19/2025,Ball St.,W,3,53,11,113,0.372,51,0,7,52,0,3,6,1,6,0,59,W,purdue
09/14/2025,SMU,W,4,57,17,136,0.294,51,4,8,53,5,3,14,1,10,0,71,W,purdue
09/13/2025,Houston,W,3,51,13,105,0.362,44,6,7,46,4,0,10,1,5,0,62,W,purdue
09/09/2025,Butler,W,3,46,20,108,0.241,42,2,7,50,10,1,19,2,10.5,0,58.5,W,purdue
09/05/2025,Kansas,W,5,56,19,162,0.228,50,4,5,87,9,5,14,3,12,0,72,W,purdue
09/04/2025,Bowling Green,W,5,70,18,150,0.347,66,8,9,60,7,1,16,2,9,0,87,W,purdue
09/03/2025,Georgia Tech,L,4,60,22,141,0.27,56,5,12,45,8,0,18,2,9,0,74,W,purdue
08/31/2025,Tennessee,W,4,59,15,116,0.379,54,2,8,37,2,1,14,7,8,0,69,W,purdue
08/29/2025,South Fla.,W,5,56,23,161,0.205,51,7,12,68,6,2,20,1,12,2,75,W,purdue
08/15/2025,Valparaiso,W,4,48,14,134,0.254,46,7,10,62,8,5,16,2,13,0,68,W,purdue
8/29/2025, VCU,L,3,35,17,102,0.176,29,4,9,31,7,2,14,1,9,0,48,W,ohio
8/30/2025, Miami (FL),L,3,32,17,96,0.156,30,3,12,33,3,1,4,1,3,0,38,W,ohio
9/3/2025, Miami (OH),W,5,69,37,174,0.184,67,5,11,64,2,3,16,0,11,0,85,W,ohio
9/7/2025, Florida,L,3,31,15,97,0.165,29,2,5,35,8,1,8,1,5,0,38,W,ohio
9/12/2025, Ohio,W,3,45,15,109,0.275,42,3,7,50,2,1,8,0,5,0,53,W,ohio
9/13/2025, Wright St.,L,5,66,28,186,0.204,64,6,10,84,7,2,21,0,12.5,3,84.5,W,ohio
9/19/2025, Virginia,L,5,51,31,129,0.155,44,6,7,43,9,1,12,1,7,0,64,W,ohio
9/21/2025, Troy,W,5,67,19,152,0.316,64,6,11,57,6,6,40,4,26,0,99,W,ohio
9/26/2025, UCLA,L,5,61,21,164,0.244,58,10,17,60,4,2,18,2,11,0,82,W,ohio
9/27/2025, Southern California,L,3,34,16,111,0.162,32,3,5,50,7,1,6,0,4,1,41,W,ohio
10/3/2025, Washington,L,4,53,29,133,0.18,48,6,10,37,4,1,8,5,5,0,64,W,ohio
10/4/2025, Oregon,L,3,35,24,94,0.117,30,4,10,24,5,1,10,3,6,0,45,W,ohio
10/9/2025, Purdue,L,3,35,22,103,0.126,35,7,6,29,1,0,6,0,3,0,45,W,ohio
10/12/2025, Minnesota,L,3,34,17,94,0.181,33,5,6,35,11,0,14,2,7,0,46,W,ohio
10/17/2025, Illinois,L,4,50,24,156,0.167,45,5,10,73,6,3,16,1,11,0,66,W,ohio
10/19/2025, Indiana,L,4,45,23,110,0.2,41,5,13,34,8,0,10,0,5,0,55,W,ohio
10/24/2025, Michigan,L,3,26,20,89,0.067,24,5,2,24,4,1,6,1,4,0,35,W,ohio
10/26/2025, Penn St.,L,4,40,19,139,0.151,37,9,8,53,8,4,6,1,7,0,56,W,ohio
10/31/2025, Rutgers,L,3,30,22,89,0.09,29,3,9,21,6,0,8,0,4,0,37,W,ohio
11/2/2025, Wisconsin,L,3,23,16,90,0.078,23,1,7,28,7,0,2,1,1,0,25,W,ohio
11/8/2025, Maryland,W,5,56,25,156,0.199,54,7,8,67,10,1,18,3,10,0,73,W,ohio
11/9/2025, Rutgers,W,5,60,27,150,0.22,56,9,6,38,6,2,14,0,9,0,78,W,ohio
11/14/2025, Michigan,L,3,31,21,98,0.102,27,8,7,30,5,2,8,0,6,0,45,W,ohio
11/16/2025, Penn St.,L,5,61,25,160,0.225,55,7,5,63,3,2,12,1,8,0,76,W,ohio
11/21/2025, Northwestern,L,4,54,26,154,0.182,50,4,4,70,15,3,8,0,7,0,65,W,ohio
11/23/2025, Michigan St.,W,4,60,23,148,0.25,59,6,10,71,9,1,18,0,10,0,76,W,ohio
11/28/2025, Iowa,L,4,48,20,131,0.214,47,5,11,43,10,0,8,0,4,0,57,W,ohio
11/29/2025, Nebraska,L,3,33,17,92,0.174,31,3,6,28,4,0,4,1,2,0,38,W,ohio
11/29/2025,Ohio St.,W  ,3,48,8,92,0.435,43,4,5,34,3,1,14,1,8,0,60,W,nebraska
11/28/2025,Penn St.,W  ,3,39,9,78,0.385,36,7,7,41,0,2,14,0,9,0,55,W,nebraska
11/22/2025,Indiana,W  ,3,45,13,94,0.34,42,4,7,38,4,0,16,0,8,0,57,W,nebraska
11/20/2025,Iowa,W  ,3,45,12,86,0.384,42,6,10,34,3,0,18,1,9,0,60,W,nebraska
11/16/2025,Southern California,W  ,3,52,10,102,0.412,50,1,4,54,0,3,11,1,8.5,0,61.5,W,nebraska
11/14/2025,UCLA,W  ,4,53,12,137,0.299,45,5,8,48,5,2,16,3,10,0,68,W,nebraska
11/08/2025,Minnesota,W  ,3,55,9,106,0.434,52,4,7,47,4,0,6,2,3,0,62,W,nebraska
11/06/2025,Illinois,W  ,3,49,7,86,0.488,43,4,7,40,0,0,14,0,7,0,60,W,nebraska
11/02/2025,Oregon,W  ,3,39,7,79,0.405,35,4,6,32,5,2,14,1,9,0,52,W,nebraska
10/31/2025,Wisconsin,W  ,3,48,10,109,0.349,46,3,3,54,4,0,19,3,9.5,0,60.5,W,nebraska
10/25/2025,Michigan St.,W  ,3,53,14,102,0.382,47,0,7,46,0,1,20,0,11,0,64,W,nebraska
10/24/2025,Northwestern,W  ,3,41,11,84,0.357,38,6,5,28,2,3,14,2,10,0,57,W,nebraska
10/19/2025,Michigan,W  ,3,40,8,82,0.39,38,3,5,36,4,4,18,2,13,0,56,W,nebraska
10/17/2025,Michigan St.,W  ,3,42,11,83,0.373,41,9,4,33,3,2,14,3,9,0,60,W,nebraska
10/12/2025,Purdue,W  ,3,53,15,109,0.349,50,5,6,43,2,4,6,2,7,0,65,W,nebraska
10/10/2025,Washington,W  ,3,48,13,114,0.307,41,6,1,49,2,0,20,1,10,0,64,W,nebraska
10/04/2025,Rutgers,W  ,3,37,7,77,0.39,36,3,6,32,3,7,14,1,14,0,54,W,nebraska
10/03/2025,Penn St.,W  ,3,39,8,71,0.437,34,4,7,35,3,2,15,1,9.5,0,52.5,W,nebraska
09/27/2025,Maryland,W  ,3,49,13,100,0.36,44,5,6,48,9,1,20,1,11,0,65,W,nebraska
09/24/2025,Michigan,W  ,3,47,12,92,0.38,37,5,7,37,2,0,12,0,6,0,58,W,nebraska
09/20/2025,Arizona,W  ,3,52,14,97,0.392,50,1,6,36,1,1,4,1,3,0,56,W,nebraska
09/16/2025,Creighton,W  ,5,66,26,160,0.25,58,4,12,69,7,1,11,3,6.5,0,76.5,W,nebraska
09/13/2025,Grand Canyon,W  ,3,50,14,99,0.364,46,4,7,43,5,0,8,1,4,0,58,W,nebraska
09/12/2025,Utah,W  ,4,48,15,109,0.303,42,3,11,57,3,2,21,0,12.5,0,63.5,W,nebraska
09/07/2025,California,W  ,3,49,10,93,0.419,45,6,5,43,3,3,12,1,9,0,64,W,nebraska
09/05/2025,Wright St.,W  ,3,41,12,88,0.33,39,3,6,37,3,1,14,1,8,0,52,W,nebraska
08/31/2025,Kentucky,W  ,5,59,25,154,0.221,55,4,10,73,5,0,24,7,12,0,75,W,nebraska
08/29/2025,Lipscomb,W  ,3,42,14,89,0.315,40,3,7,43,5,0,8,0,4,0,49,W,nebraska
08/24/2025,Stanford,W  ,3,46,9,96,0.385,42,1,4,56,1,2,14,1,9,0,56,W,nebraska
08/22/2025,Pittsburgh,W  ,4,51,23,125,0.224,48,3,8,46,7,0,31,3,15.5,0,69.5,W,nebraska
8/29/2025, Creighton,W,3,42,20,118,0.186,36,4,3,49,4,1,14,1,8,0,54,W,texas
8/31/2025, Wisconsin,W,3,44,10,115,0.296,35,1,4,50,2,1,18,0,10,0,55,W,texas
9/3/2025, Rice,W,4,58,11,134,0.351,54,6,9,64,3,6,4,0,8,1,72,W,texas
9/7/2025, Stanford,W,5,54,20,144,0.236,51,3,8,58,10,3,6,0,6,0,63,W,texas
9/10/2025, Louisville,W,5,63,35,183,0.153,61,5,4,84,6,0,30,0,15,0,83,W,texas
9/14/2025, Arizona St.,W,3,54,15,102,0.382,51,3,2,43,2,1,12,0,7,1,64,W,texas
9/17/2025, TCU,W,3,49,10,94,0.415,47,6,7,43,1,1,10,0,6,0,61,W,texas
9/19/2025, Baylor,W,3,45,8,85,0.435,43,8,6,41,0,0,11,1,5.5,0,58.5,W,texas
9/24/2025, Vanderbilt,W,3,44,11,74,0.446,41,1,7,35,4,0,8,1,4,0,49,W,texas
9/26/2025, Missouri,W,3,56,21,112,0.313,52,6,5,40,5,1,6,2,4,0,66,W,texas
10/1/2025, Georgia,W,3,58,15,120,0.358,56,3,8,51,1,0,10,0,5,0,66,W,texas
10/5/2025, Mississippi St.,W,3,44,12,98,0.327,41,3,5,47,2,4,4,0,6,0,53,W,texas
10/8/2025, Tennessee,W,5,73,21,162,0.321,69,7,12,59,5,0,16,1,8,0,88,W,texas
10/12/2025, Alabama,W,4,59,20,149,0.262,55,5,17,61,5,0,16,0,8,0,72,W,texas
10/17/2025, Arkansas,W,3,45,11,100,0.34,40,3,12,38,1,0,26,1,13,0,61,W,texas
10/19/2025, Oklahoma,W,4,57,21,117,0.308,53,11,11,40,1,2,8,0,6,0,74,W,texas
10/24/2025, Ole Miss,W,4,70,17,161,0.329,65,5,14,62,8,1,8,3,5,0,80,W,texas
10/26/2025, LSU,W,3,43,10,99,0.333,41,4,6,48,2,0,12,0,6,0,53,W,texas
10/31/2025, Texas A&M,L,5,74,23,155,0.329,70,5,8,60,4,0,8,0,4,0,83,W,texas
11/2/2025, Kentucky,L,3,46,16,121,0.248,46,4,5,38,5,0,16,0,8,1,58,W,texas
11/7/2025, Florida,W,4,62,15,145,0.324,59,2,12,51,4,0,14,2,7,0,71,W,texas
11/12/2025, Auburn,W,5,70,20,169,0.296,66,4,17,76,5,1,14,2,8,0,82,W,texas
11/16/2025, South Carolina,W,4,57,18,130,0.3,55,8,7,46,5,1,20,2,11,0,76,W,texas
11/23/2025, Ole Miss,W,3,41,3,80,0.475,39,2,4,34,1,1,16,1,9,0,52,W,texas
11/24/2025, Texas A&M,W,4,58,23,128,0.273,54,2,6,51,5,3,24,3,15,0,75,W,texas
11/25/2025, Kentucky,L,5,77,21,186,0.301,71,1,10,78,5,1,15,5,8.5,0,86.5,W,texas
8/29/2025, Marist,W,4,55,14,104,0.394,51,11,10,41,3,5,12,1,11,0,77,W,rutgers
8/30/2025, Liberty,L,5,66,24,154,0.273,63,7,8,67,11,5,10,2,10,0,83,W,rutgers
8/31/2025, Buffalo,L,5,60,25,137,0.255,57,7,13,47,9,5,0,1,5,0,72,W,rutgers
09/05/2025, Dartmouth,W,3,43,11,92,0.348,39,7,9,46,1,2,8,1,6,0,56,W,rutgers
09/06/2025, Sacred Heart,W,3,38,14,88,0.273,33,7,7,42,4,4,16,0,12,0,57,W,rutgers
09/07/2025, LIU,W,4,52,15,112,0.33,47,11,7,49,5,2,8,3,6,0,69,W,rutgers
9/10/2025,Rider,W,3,44,9,88,0.398,42,9,9,38,3,4,8,0,8,0,61,W,rutgers
9/11/2025,Saint Francis,W,3,41,10,68,0.456,39,7,12,26,5,4,8,0,8,0,56,W,rutgers
9/12/2025,New Hampshire,W,3,51,22,102,0.284,49,8,13,35,4,1,10,0,6,0,65,W,rutgers
9/19/2025, Coppin St.,W,3,40,14,87,0.299,38,5,10,36,2,3,10,2,8,0,53,W,rutgers
9/20/2025, George Mason,L,3,32,28,96,0.042,31,7,11,29,7,3,2,1,4,0,43,W,rutgers
9/23/2025,Columbia,W,3,43,7,86,0.419,42,11,9,38,2,0,20,0,10,0,64,W,rutgers
9/26/2025, Wisconsin,L,3,27,20,94,0.074,27,3,9,33,9,0,6,0,3,0,33,W,rutgers
9/28/2025, Minnesota,L,3,41,15,94,0.277,40,6,10,29,11,1,8,2,5,0,52,W,rutgers
10/03/2025,Maryland,W,4,51,23,121,0.231,48,9,16,50,6,2,18,0,11,0,71,W,rutgers
10/04/2025,Nebraska,L,3,32,26,98,0.061,28,3,9,26,3,0,6,0,3,0,38,W,rutgers
10/10/2025,Northwestern,L,3,44,17,112,0.241,40,5,14,44,3,1,16,2,9,0,58,W,rutgers
10/11/2025,Illinois,L,3,37,17,95,0.211,36,4,7,25,6,1,12,1,7,1,48,W,rutgers
10/15/2025, Maryland,L,4,47,26,134,0.157,44,9,11,45,4,1,8,1,5,0,61,W,rutgers
10/19/2025,Purdue,L,3,32,22,99,0.101,30,5,3,40,4,1,8,0,5,0,42,W,rutgers
10/24/2025, Penn St.,L,3,30,17,90,0.144,28,2,8,36,5,1,8,0,5,0,37,W,rutgers
10/26/2025, Iowa,L,5,62,27,159,0.22,53,10,16,54,9,3,10,1,8,0,80,W,rutgers
10/31/2025, Ohio St.,W,3,38,15,77,0.299,36,6,5,32,3,1,14,2,8,0,52,W,rutgers
11/01/2025, Michigan St.,L,3,40,15,101,0.248,37,4,6,34,7,2,10,2,7,0,51,W,rutgers
11/07/2025,Michigan,L,5,69,26,168,0.256,60,4,9,61,2,1,12,1,7,0,80,W,rutgers
11/09/2025,Ohio St.,L,5,69,22,141,0.333,62,6,8,50,9,3,10,0,8,1,83,W,rutgers
11/14/2025, Southern California,L,3,26,24,101,0.02,24,1,7,30,8,1,6,4,4,0,31,W,rutgers
11/15/2025, UCLA,L,3,34,22,111,0.108,32,2,8,40,1,2,10,4,7,0,43,W,rutgers
11/20/2025, Indiana,L,3,20,23,72,-0.042,19,7,6,16,6,2,2,1,3,0,30,W,rutgers
11/23/2025,Minnesota,L,3,37,21,94,0.17,35,6,12,26,6,1,8,2,5,0,48,W,rutgers
11/26/2025,Oregon,L,4,40,30,126,0.079,37,3,8,34,10,0,12,1,6,0,49,W,rutgers
11/28/2025,Washington,W,4,59,28,149,0.208,56,12,9,54,6,1,14,2,8,0,79,W,rutgers
8/29/2025, Coastal Carolina,L,5,50,32,164,0.11,41,6,11,84,6,3,16,0,11,0,67,W,maryland
8/30/2025, North Carolina,L,4,53,20,148,0.223,49,4,11,65,7,0,6,1,3,0,60,W,maryland
09/05/2025, Old Dominion,W,3,34,16,92,0.196,31,7,15,27,5,3,18,0,12,0,53,W,maryland
09/06/2025, William & Mary,W,4,57,33,160,0.15,54,6,6,72,7,1,29,4,15.5,0,78.5,W,maryland
09/07/2025, UMBC,W,4,44,33,152,0.072,41,11,10,48,4,2,34,1,19,0,74,W,maryland
9/10/2025,Delaware St.,W,3,34,9,85,0.294,31,10,7,35,3,2,14,0,9,0,53,W,maryland
9/13/2025, Davidson,W,5,63,22,165,0.248,60,4,9,79,8,1,24,0,13,0,80,W,maryland
9/14/2025, Wake Forest,L,4,55,18,140,0.264,49,6,7,45,6,0,22,2,11,2,72,W,maryland
9/16/2025, Coppin St.,W,5,60,18,142,0.296,58,4,10,50,9,1,36,1,19,0,83,W,maryland
9/19/2025,Seton Hall,W,3,37,9,104,0.269,33,3,7,58,5,1,14,1,8,1,48,W,maryland
9/25/2025, Iowa,L,3,35,15,98,0.204,32,4,9,26,7,0,8,1,4,0,43,W,maryland
9/27/2025, Nebraska,L,3,25,16,100,0.09,24,9,7,33,5,1,6,0,4,0,38,W,maryland
10/03/2025, Rutgers,L,4,39,21,117,0.154,36,6,13,37,9,1,20,0,11,0,56,W,maryland
10/05/2025,Penn St.,L,5,41,22,133,0.143,40,7,16,50,8,2,14,0,9,0,57,W,maryland
10/10/2025,Illinois,L,4,44,29,138,0.109,41,9,11,60,8,1,28,0,15,0,68,W,maryland
10/12/2025,Wisconsin,L,3,28,16,96,0.125,28,3,9,33,6,0,8,0,4,0,35,W,maryland
10/15/2025,Rutgers,W,4,59,16,126,0.341,54,4,15,49,9,1,18,0,10,0,73,W,maryland
10/19/2025, Michigan St.,L,5,49,25,140,0.171,44,1,7,49,9,2,38,0,21,0,71,W,maryland
10/23/2025, Southern California,L,3,21,25,85,-0.047,18,3,8,32,2,0,2,0,1,0,25,W,maryland
10/25/2025, UCLA,L,3,29,16,103,0.126,27,4,5,41,4,2,8,1,6,0,39,W,maryland
10/31/2025,Indiana,L,3,24,15,91,0.099,23,3,4,33,10,0,8,0,4,0,31,W,maryland
11/02/2025, Northwestern,L,4,53,23,143,0.21,52,4,8,63,9,1,20,2,11,0,68,W,maryland
11/08/2025,Ohio St.,L,5,56,25,163,0.19,54,10,11,61,7,2,20,0,12,0,78,W,maryland
11/09/2025,Michigan,L,3,24,25,92,-0.011,22,2,6,26,10,2,12,0,8,0,34,W,maryland
11/14/2025, Purdue,L,3,32,18,89,0.157,27,4,8,26,8,1,8,0,5,0,41,W,maryland
11/16/2025, Indiana,L,3,40,11,93,0.312,37,3,5,35,5,1,6,1,4,0,47,W,maryland
11/21/2025,Minnesota,L,3,19,16,89,0.034,17,3,8,34,6,1,8,1,5,0,27,W,maryland
11/23/2025, Penn St.,L,3,33,14,102,0.186,30,1,3,34,6,0,2,0,1,0,35,W,maryland
11/26/2025,Washington,L,3,36,13,93,0.247,34,2,6,35,6,3,6,2,6,0,44,W,maryland
11/28/2025,Oregon,L,3,22,16,71,0.085,20,2,5,19,11,0,12,0,6,0,30,W,maryland
8/30/2025,  Maryland,W,4,57,13,127,0.346,55,7,6,59,4,1,16,0,9,0,73,W,north carolina
8/31/2025,  Coastal Carolina,W,4,60,19,120,0.342,56,6,9,47,3,4,10,0,9,0,75,W,north carolina
9/5/2025,  Bucknell,W,4,67,22,140,0.321,55,1,9,50,2,1,12,2,7,0,75,W,north carolina
9/7/2025,  Oral Roberts,W,3,35,8,82,0.329,33,4,9,35,0,0,20,1,10,0,49,W,north carolina
9/9/2025,  Florida,W,3,40,17,108,0.213,34,5,8,32,1,0,12,2,6,0,51,W,north carolina
9/12/2025,  South Carolina,L,5,52,31,147,0.143,51,3,8,52,5,0,32,3,16,0,71,W,north carolina
9/16/2025,  App Ste,W,4,50,15,123,0.285,44,2,11,52,7,2,14,1,9,1,61,W,north carolina
9/19/2025,  Kansas St.,L,5,50,22,133,0.211,47,1,5,58,7,4,16,1,12,0,63,W,north carolina
9/21/2025,  East Carolina,W,4,67,22,173,0.26,58,2,6,66,1,2,26,1,15,0,84,W,north carolina
9/26/2025,  Wake Forest,W,3,47,11,108,0.333,44,4,6,43,2,0,24,2,12,0,63,W,north carolina
9/28/2025,  NC Ste,W,4,61,23,153,0.248,58,2,9,75,2,1,20,1,11,1,74,W,north carolina
10/1/2025,  Duke,W,3,41,9,89,0.36,39,6,6,45,3,0,24,1,12,1,59,W,north carolina
10/4/2025,  Duke,W,3,37,16,98,0.214,33,8,10,38,3,1,22,0,12,0,57,W,north carolina
10/10/2025,  Clemson,W,3,48,18,116,0.259,44,5,7,48,3,1,18,0,10,1,63,W,north carolina
10/12/2025,  Georgia Tech,W,4,50,18,116,0.276,47,6,12,23,3,0,30,1,15,0,71,W,north carolina
10/17/2025,  Boston College,W,3,39,19,97,0.206,32,6,3,38,4,1,24,0,13,0,58,W,north carolina
10/19/2025,  Syracuse,W,4,64,19,124,0.363,62,6,10,60,4,0,12,0,6,0,76,W,north carolina
10/24/2025,  Notre Dame,W,5,55,18,138,0.268,50,5,12,55,7,3,14,0,10,0,70,W,north carolina
10/26/2025,  Louisville,L,4,49,29,176,0.114,44,0,4,78,7,4,27,0,17.5,0,66.5,W,north carolina
10/31/2025,  SMU,W,5,66,21,162,0.278,63,5,12,60,5,0,18,1,9,2,80,W,north carolina
11/2/2025,  Pittsburgh,L,5,59,30,161,0.18,59,9,5,53,1,0,45,5,22.5,0,90.5,W,north carolina
11/7/2025,  Stanford,L,3,34,22,105,0.114,32,3,5,31,4,0,12,0,6,0,43,W,north carolina
11/9/2025,  California,W,3,37,10,87,0.31,36,9,6,38,0,1,22,1,12,0,58,W,north carolina
11/14/2025,  Virginia,W,4,63,20,136,0.316,60,4,7,48,4,2,10,2,7,0,74,W,north carolina
11/16/2025,  Virginia Tech,W,3,41,14,104,0.26,38,8,7,54,4,1,16,0,9,0,58,W,north carolina
11/21/2025,  Florida St.,L,4,61,25,160,0.225,59,3,6,55,7,0,16,1,8,0,72,W,north carolina
11/23/2025,  Miami (FL),L,3,24,20,81,0.049,24,5,6,28,7,2,10,4,7,0,36,W,north carolina
11/26/2025,  Virginia,W,3,46,15,104,0.298,40,8,8,37,7,1,12,0,7,0,61,W,north carolina
11/29/2025,  Miami (FL),L,5,49,25,166,0.145,47,4,7,58,7,2,40,1,22,0,75,W,north carolina
8/30/2024,  South Fla.,W,3,41,8,90,0.367,38,5,10,39,1,4,12,0,10,1,56,W,florida state
8/31/2024,  UC Santa Barbara,W,3,51,18,102,0.324,48,10,10,41,2,2,6,0,5,1,66,W,florida state
9/1/2024,  Georgia,W,4,49,20,129,0.225,43,6,8,56,2,1,16,0,9,2,64,W,florida state
9/6/2024,  Cal Poly,W,3,42,8,116,0.293,42,5,7,42,2,2,20,2,12,0,59,W,florida state
9/8/2024,  Auburn,L,4,55,33,178,0.124,54,1,8,86,5,0,12,1,6,0,62,W,florida state
9/10/2024,  North Florida,W,4,52,9,112,0.384,46,10,4,55,4,5,13,0,11.5,0,73.5,W,florida state
9/13/2024,  Fla. lantic,W,3,51,8,109,0.394,49,2,8,43,3,2,14,0,9,1,62,W,florida state
9/15/2024,  UCF,W,4,50,15,131,0.267,44,13,11,55,5,2,22,0,13,2,76,W,florida state
9/17/2024,  Florida,L,5,56,22,139,0.245,47,4,13,45,7,0,22,1,11,0,71,W,florida state
9/21/2024,  Alabama,W,3,50,8,91,0.462,46,5,11,43,3,2,10,0,7,0,62,W,florida state
9/25/2024,  Miami (FL),W,5,70,21,188,0.261,64,6,13,78,2,1,18,0,10,8,86,W,florida state
9/29/2024,  Miami (FL),W,3,37,6,99,0.313,33,6,6,43,4,2,8,2,6,0,49,W,florida state
10/4/2024,  Virginia,L,3,39,18,121,0.174,38,2,8,48,4,0,14,0,7,2,48,W,florida state
10/6/2024,  Virginia Tech,W,3,41,10,87,0.356,34,3,6,39,2,0,22,0,11,0,55,W,florida state
10/11/2024,  Louisville,L,5,55,22,137,0.241,49,9,9,52,4,2,14,0,9,4,73,W,florida state
10/13/2024,  Notre Dame,W,4,52,21,143,0.217,49,8,10,66,1,2,21,0,12.5,0,72.5,W,florida state
10/18/2024,  Boston College,W,5,63,22,197,0.208,58,6,10,88,8,1,22,2,12,0,81,W,florida state
10/20/2024,  Syracuse,W,3,48,9,106,0.368,46,8,10,47,3,1,14,0,8,0,64,W,florida state
10/25/2024,  North Carolina,L,5,66,22,176,0.25,60,6,11,70,7,2,16,1,10,1,82,W,florida state
10/27/2024,  Duke,W,3,44,8,102,0.353,40,5,6,55,2,0,18,0,9,0,58,W,florida state
11/1/2024,  California,W,3,50,9,101,0.406,46,3,11,31,1,3,14,2,10,1,63,W,florida state
11/3/2024,  Stanford,L,4,44,14,122,0.246,39,4,11,32,9,0,8,1,4,0,52,W,florida state
11/8/2024,  Wake Forest,W,3,44,19,106,0.236,40,10,5,47,2,0,14,0,7,0,61,W,florida state
11/10/2024,  NC Ste,W,4,51,17,150,0.227,46,5,12,68,5,0,22,1,11,0,67,W,florida state
11/15/2024,  Pittsburgh,L,3,27,15,72,0.167,26,2,6,15,6,1,12,2,7,0,36,W,florida state
11/17/2024,  SMU,L,3,42,18,99,0.242,41,2,11,32,8,1,18,1,10,0,54,W,florida state
11/22/2024,  Georgia Tech,W,5,66,15,171,0.298,62,3,6,76,3,3,10,0,8,1,77,W,florida state
11/24/2024,  Clemson,W,5,70,19,151,0.338,65,5,15,55,4,2,26,0,15,0,90,W,florida state
11/27/2024,  SMU,L,3,45,14,132,0.235,40,2,9,57,2,1,12,1,7,1,54,W,florida state
11/29/2024,  Wake Forest,W,4,57,11,132,0.348,56,8,9,49,3,0,16,2,8,1,73,W,florida state
12/5/2024,  Ole Miss,L,5,60,26,161,0.211,57,9,7,56,8,3,10,0,8,0,77,W,florida state
1/3/2025,  BYU,L,4,47,21,103,0.252,43,4,20,23,10,0,15,1,7.5,0,58.5,M,ohio state
1/4/2025,  BYU,L,4,40,23,114,0.149,40,6,21,27,8,0,18,2,9,0,55,M,ohio state
1/10/2025,  Fort Valley St.,W,3,42,9,85,0.388,40,4,21,29,3,1,6,0,4,0,50,M,ohio state
1/11/2025,  Fort Valley St.,W,3,42,10,67,0.478,39,7,14,21,2,1,10,0,6,0,55,M,ohio state
1/17/2025,  Stanford,L,3,21,27,74,-0.081,21,2,7,17,11,0,15,2,7.5,0,30.5,M,ohio state
1/18/2025,  UCLA,W,4,39,19,87,0.23,36,7,15,24,4,1,8,0,5,0,51,M,ohio state
1/31/2025,  Southern California,L,4,54,27,111,0.243,55,4,15,20,2,0,11,1,5.5,0,63.5,M,ohio state
2/1/2025,  UCLA,L,4,49,18,106,0.292,45,7,21,28,12,0,8,5,4,0,60,M,ohio state
2/8/2025,  Loyola Chicago,L,4,53,17,115,0.313,53,5,14,44,8,1,6,2,4,0,62,M,ohio state
2/10/2025,  Purdue Fort Wayne,W,3,37,14,65,0.354,33,6,13,21,4,0,16,1,8,0,51,M,ohio state
2/15/2025,  Lindenwood,W,4,53,10,99,0.434,52,8,18,34,8,0,5,0,2.5,0,63.5,M,ohio state
2/20/2025,  McKendree,L,4,47,17,126,0.238,45,5,12,49,3,1,6,3,4,0,56,M,ohio state
2/22/2025,  Lindenwood,W,4,57,14,101,0.426,53,10,20,24,10,5,2,4,6,0,73,M,ohio state
2/27/2025,  Ball St.,L,5,57,21,126,0.286,49,7,23,33,7,3,10,0,8,0,72,M,ohio state
3/1/2025,  Purdue Fort Wayne,W,5,56,23,124,0.266,55,7,20,44,5,0,13,3,6.5,0,69.5,M,ohio state
3/7/2025,  NJIT,W,3,30,13,64,0.266,27,9,19,14,1,2,14,1,9,0,48,M,ohio state
3/8/2025,  NJIT,W,3,41,14,84,0.321,37,5,12,25,2,0,15,2,7.5,0,53.5,M,ohio state
3/13/2025,  Queens (NC),W,3,42,15,96,0.281,40,8,14,35,3,2,12,1,8,0,58,M,ohio state
3/15/2025,  Queens (NC),W,3,39,12,76,0.355,36,6,9,24,2,0,11,1,5.5,0,50.5,M,ohio state
3/20/2025,  Loyola Chicago,L,4,48,14,96,0.354,46,9,14,29,11,0,6,1,3,0,60,M,ohio state
3/22/2025,  Lewis,L,5,61,28,149,0.221,57,4,20,49,5,3,24,2,15,0,80,M,ohio state
3/27/2025,  McKendree,W,5,61,34,154,0.175,59,8,16,68,3,1,11,0,6.5,0,75.5,M,ohio state
4/3/2025,  Ball St.,W,4,65,13,119,0.437,61,11,15,34,6,2,6,1,5,0,81,M,ohio state
4/5/2025,  Lewis,W,4,61,21,130,0.308,54,4,14,45,6,0,7,3,3.5,0,68.5,M,ohio state
4/11/2025,  Quincy,W,3,45,10,86,0.407,41,4,8,35,2,4,2,1,5,0,54,M,ohio state
4/12/2025,  Quincy,W,4,52,25,125,0.216,51,4,16,49,4,6,4,3,8,1,64,M,ohio state
4/19/2025,  Lindenwood,W,4,54,19,109,0.321,53,5,17,40,4,0,5,0,2.5,0,61.5,M,ohio state
4/23/2025,  McKendree,W,3,35,17,79,0.228,34,7,10,29,1,3,15,0,10.5,0,52.5,M,ohio state
4/26/2025,  Loyola Chicago,L,3,31,20,90,0.122,31,3,7,31,7,0,5,1,2.5,1,36.5,M,ohio state
1/10/2025, Ohio St.,L,3,33,15,87,0.207,23,3,13,29,4,1,2,0,2,0,38,M,fvsu
1/11/2025, Ohio St.,L,3,21,15,65,0.092,19,2,8,12,7,2,5,0,4.5,0,27.5,M,fvsu
1/17/2025,Mount Olive,L,3,28,10,83,0.217,28,4,13,21,7,1,7,0,4.5,0,36.5,M,fvsu
1/18/2025,Mount Olive,L,4,48,20,110,0.255,43,8,14,34,3,0,7,0,3.5,0,59.5,M,fvsu
1/24/2025, Barry,W,5,62,19,120,0.358,46,5,22,40,4,1,8,2,5,1,72,M,fvsu
1/24/2025, Emmanuel (GA),W,3,37,12,75,0.333,32,5,13,29,3,0,26,1,13,2,55,M,fvsu
1/31/2025, Long Beach St.,L,3,29,15,74,0.189,24,2,10,16,9,2,4,2,4,0,35,M,fvsu
02/01/2025, Belmont Abbey,L,4,40,27,98,0.133,36,3,17,26,5,2,12,1,8,0,51,M,fvsu
02/01/2025, Grand Canyon,L,3,28,19,76,0.118,26,1,9,19,9,2,11,0,7.5,0,36.5,M,fvsu
2/12/2025,Emmanuel (GA),W,3,36,8,72,0.389,31,7,14,25,6,0,2,0,1,2,44,M,fvsu
2/13/2025,Cawba,W,3,35,3,62,0.516,25,8,16,21,2,1,5,0,3.5,0,46.5,M,fvsu
2/21/2025, Lincoln Memorial,L,3,23,15,69,0.116,21,3,11,23,11,0,6,0,3,0,29,M,fvsu
2/23/2025,Benedict,W,3,34,14,67,0.299,28,10,13,26,1,4,13,0,10.5,0,54.5,M,fvsu
2/27/2025, Benedict,W,3,46,14,83,0.386,43,7,9,23,3,5,2,1,6,0,59,M,fvsu
03/08/2025,Morehouse,W,3,42,9,80,0.413,33,8,14,32,1,2,10,0,7,0,57,M,fvsu
03/08/2025,Lewis,L,3,25,21,86,0.047,20,1,7,27,4,0,2,3,1,0,27,M,fvsu
3/10/2025, Morehouse,W,3,37,8,71,0.408,31,10,13,25,3,1,8,1,5,0,52,M,fvsu
3/28/2025,Central St. (OH),W,3,35,13,75,0.293,32,4,10,33,4,3,7,0,6.5,0,45.5,M,fvsu
3/29/2025,Central St. (OH),W,3,34,7,74,0.365,31,5,7,34,2,0,24,0,12,0,51,M,fvsu
04/04/2025,LeMoyne-Owen,W,3,29,5,59,0.407,26,12,11,34,1,2,7,1,5.5,0,46.5,M,fvsu
04/05/2025,LeMoyne-Owen,W,3,31,17,80,0.175,25,4,12,40,2,2,10,0,7,0,42,M,fvsu
04/09/2025,Edward Wers,W,4,52,11,103,0.398,49,8,13,47,2,2,16,1,10,0,70,M,fvsu
4/12/2025, Edward Wers,W,3,33,5,60,0.467,31,4,14,19,3,5,4,2,7,1,44,M,fvsu
4/15/2025,Benedict,W,3,43,11,83,0.386,36,11,21,30,1,1,10,1,6,2,60,M,fvsu
4/16/2025,Edward Wers,W,4,56,10,114,0.404,50,8,17,52,7,7,6,0,10,1,74,M,fvsu
05/08/2025, Long Beach St.,L,3,21,12,70,0.129,19,0,13,18,6,1,4,6,3,0,24,M,fvsu
1/17/2025, Fort Valley St.,W,3,43,13,86,0.349,40,7,11,38,4,1,6,1,4,0,54,M,umo
1/18/2025, Fort Valley St.,W,4,51,11,106,0.377,46,3,17,31,8,3,8,0,7,0,61,M,umo
1/24/2025, Lewis,L,5,66,20,146,0.315,61,6,21,44,9,2,19,2,11.5,0,83.5,M,umo
1/25/2025, Loyola Chicago,L,3,30,17,72,0.181,30,2,8,20,14,1,9,3,5.5,0,37.5,M,umo
1/31/2025,Edward Wers,W,4,42,13,103,0.282,37,11,11,37,3,2,17,0,10.5,0,63.5,M,umo
02/04/2025, Cawba,W,3,43,10,88,0.375,38,4,9,30,2,3,8,1,7,0,54,M,umo
02/07/2025,King (TN),W,3,44,11,84,0.393,38,10,11,32,2,2,14,1,9,0,63,M,umo
02/08/2025,Lees-McRae,W,3,36,19,80,0.213,33,4,14,27,4,0,10,0,5,0,45,M,umo
2/14/2025, Belmont Abbey,W,3,51,11,89,0.449,48,5,10,33,2,3,7,3,6.5,0,62.5,M,umo
2/15/2025, North Greenville,W,3,39,14,82,0.305,34,3,11,29,2,1,14,0,8,0,50,M,umo
2/18/2025,Cawba,W,3,42,7,73,0.479,39,7,11,37,4,3,9,0,7.5,0,56.5,M,umo
2/28/2025, Erskine,W,3,37,5,80,0.4,32,3,9,37,2,1,14,1,8,0,48,M,umo
03/01/2025, Emmanuel (GA),W,3,39,9,75,0.4,36,7,14,28,2,3,10,1,8,0,54,M,umo
3/14/2025,North Greenville,W,3,39,7,82,0.39,34,3,11,29,1,2,11,1,7.5,0,49.5,M,umo
3/15/2025,Belmont Abbey,W,3,46,13,99,0.333,40,4,11,34,4,1,8,1,5,0,55,M,umo
3/18/2025, Barton,W,3,44,20,90,0.267,42,11,9,33,2,0,8,0,4,0,59,M,umo
3/21/2025, Lees-McRae,W,4,46,19,103,0.262,42,2,11,31,3,3,23,0,14.5,0,62.5,M,umo
3/22/2025, King (TN),W,3,39,12,88,0.307,36,3,9,39,3,2,8,0,6,0,48,M,umo
3/28/2025,Emmanuel (GA),W,3,39,10,86,0.337,33,1,13,38,3,1,8,1,5,0,45,M,umo
3/29/2025,Erskine,W,3,35,11,75,0.32,29,2,9,30,2,3,10,0,8,0,45,M,umo
04/05/2025,Lincoln Memorial,L,4,46,23,123,0.187,43,3,11,46,6,4,6,0,7,0,56,M,umo
4/12/2025,Barton,W,4,59,25,129,0.264,55,5,17,44,6,4,8,3,8,0,72,M,umo
4/25/2025, North Greenville,W,3,46,9,95,0.389,43,2,13,29,1,2,13,1,8.5,0,56.5,M,umo
4/26/2025, Belmont Abbey,L,3,36,24,97,0.124,33,1,6,26,0,2,6,0,5,0,42,M,umo
1/10/2025,  NJIT,W,4,52,16,114,0.316,46,4,11,44,2,2,22,0,13,1,69,M,gcu
1/11/2025,  NJIT,W,4,50,15,96,0.365,48,7,21,22,1,3,30,1,18,0,75,M,gcu
1/17/2025,  George Mason,W,3,42,9,71,0.465,38,3,13,24,3,0,8,0,4,0,49,M,gcu
1/18/2025,  George Mason,W,4,53,21,100,0.32,46,9,19,34,3,3,4,2,5,0,67,M,gcu
1/24/2025,  UC Santa Barbara,L,3,20,15,68,0.074,18,2,9,23,8,0,18,0,9,0,31,M,gcu
1/25/2025,  UC Santa Barbara,W,5,54,13,114,0.36,50,4,15,42,6,1,20,1,11,0,69,M,gcu
1/31/2025,  Belmont Abbey,W,3,34,11,71,0.324,30,3,11,25,1,1,15,0,8.5,0,45.5,M,gcu
2/1/2025,  Fort Valley St.,W,3,40,15,78,0.321,38,9,11,26,1,0,17,2,8.5,0,57.5,M,gcu
2/14/2025,  UC San Diego,W,4,39,25,101,0.139,37,5,13,34,0,1,13,1,7.5,0,51.5,M,gcu
2/15/2025,  UC San Diego,W,5,60,13,135,0.348,51,7,21,43,6,2,13,2,8.5,0,75.5,M,gcu
2/19/2025,  CSUN,L,4,42,20,101,0.218,41,0,21,28,8,3,4,1,5,0,47,M,gcu
2/21/2025,  Long Beach St.,L,3,27,13,66,0.212,21,1,7,19,8,4,7,2,7.5,0,35.5,M,gcu
2/27/2025,  Pepperdine,L,4,60,12,118,0.407,58,5,16,39,12,4,6,2,7,0,72,M,gcu
2/28/2025,  Pepperdine,L,4,48,15,122,0.27,46,3,13,43,5,2,15,3,9.5,0,60.5,M,gcu
3/8/2025,  Penn St.,W,3,34,10,70,0.343,29,8,11,24,2,3,13,0,9.5,0,51.5,M,gcu
3/9/2025,  Penn St.,W,3,43,17,99,0.263,42,2,10,33,3,2,14,1,9,0,54,M,gcu
3/14/2025,  CUI,W,3,43,13,76,0.395,40,8,9,25,4,1,16,0,9,0,60,M,gcu
3/15/2025,  CUI,W,3,41,7,75,0.453,39,2,9,32,3,0,18,1,9,0,52,M,gcu
3/21/2025,  BYU,L,4,52,18,117,0.291,51,4,19,28,7,1,17,0,9.5,0,65.5,M,gcu
3/22/2025,  BYU,W,3,39,6,84,0.393,34,10,12,28,0,0,13,0,6.5,0,55.5,M,gcu
3/28/2025,  Southern California,L,4,48,17,97,0.32,45,3,14,27,6,0,12,4,6,0,57,M,gcu
3/29/2025,  Southern California,L,4,48,18,120,0.25,45,4,17,43,2,2,18,3,11,0,63,M,gcu
4/4/2025,  UCLA,W,3,24,8,67,0.239,21,3,6,30,2,3,8,2,7,0,34,M,gcu
4/5/2025,  UCLA,L,5,37,12,95,0.263,32,6,22,37,10,2,8,0,6,0,49,M,gcu
4/17/2025,  Stanford,W,5,50,19,107,0.29,49,8,24,28,9,1,23,2,12.5,2,70.5,M,gcu
4/18/2025,  Stanford,W,5,52,14,106,0.358,49,7,20,29,8,4,14,0,11,0,70,M,gcu
4/23/2025,  CUI,W,3,40,8,77,0.416,35,4,15,32,8,0,17,0,8.5,0,52.5,M,gcu
4/24/2025,  Pepperdine,L,3,26,13,72,0.181,25,0,13,30,9,1,12,1,7,0,33,M,gcu
1/17/2025,FDU,W,5,55,25,125,0.24,50,4,17,42,6,3,12,5,9,0,68,M,shu
1/21/2025,American Int'l,W,3,35,8,65,0.415,31,10,11,25,0,3,6,2,6,0,51,M,shu
1/31/2025,Dominican (NY),W,3,33,8,70,0.357,31,7,14,35,1,2,12,0,8,0,48,M,shu
02/01/2025,Merrimack,L,4,41,22,98,0.194,39,2,26,25,5,1,8,4,5,0,48,M,shu
02/08/2025,Charleston (WV),L,3,34,13,88,0.239,34,2,14,24,5,5,12,0,11,0,47,M,shu
02/09/2025,Charleston (WV),L,4,33,18,97,0.155,33,2,10,21,7,4,18,0,13,0,48,M,shu
2/14/2025,George Mason,L,3,33,14,81,0.235,28,9,11,23,6,4,2,0,5,0,47,M,shu
2/15/2025,George Mason,L,4,45,21,99,0.242,42,5,26,27,9,1,2,0,2,0,52,M,shu
2/22/2025,Harvard,L,3,21,23,82,-0.024,21,1,14,22,6,0,7,2,3.5,0,25.5,M,shu
2/23/2025,Harvard,L,3,30,20,71,0.141,30,1,16,12,5,0,13,0,6.5,0,37.5,M,shu
03/03/2025,CSUN,L,3,28,20,68,0.118,28,6,11,12,6,1,2,1,2,0,36,M,shu
03/05/2025,UC San Diego,L,3,22,14,67,0.119,20,6,11,24,6,2,4,0,4,0,32,M,shu
03/07/2025,Long Beach St.,L,3,30,8,75,0.293,25,1,16,22,12,0,4,1,2,0,33,M,shu
03/08/2025,UC Irvine,L,3,23,19,72,0.056,20,2,10,18,10,1,7,0,4.5,0,29.5,M,shu
3/15/2025,FDU,W,4,40,17,94,0.245,38,2,20,30,1,3,22,2,14,0,56,M,shu
3/21/2025,Merrimack,W,4,41,14,118,0.229,36,7,16,45,16,1,11,0,6.5,0,54.5,M,shu
3/22/2025,St. Thomas Aquinas,W,5,54,27,131,0.206,51,16,17,45,8,0,14,1,7,0,77,M,shu
3/28/2025,Princeton,L,4,48,23,124,0.202,45,1,28,32,4,3,18,3,12,0,61,M,shu
3/29/2025,Princeton,L,3,25,22,78,0.038,25,4,9,20,6,1,6,0,4,0,33,M,shu
04/04/2025,Penn St.,L,3,33,18,86,0.174,32,2,14,24,6,1,16,0,9,0,44,M,shu
04/05/2025,Penn St.,L,4,44,21,103,0.223,42,6,16,21,6,2,15,5,9.5,0,59.5,M,shu
4/11/2025,NJIT,L,4,31,28,108,0.028,28,6,16,29,7,4,10,1,9,0,46,M,shu
4/12/2025,NJIT,L,3,34,20,89,0.157,34,4,12,25,5,1,4,3,3,0,41,M,shu
05/08/2025,Hawaii,L,4,48,24,114,0.211,43,4,10,37,10,0,17,1,8.5,0,60.5,M,penn state
05/02/2025,Daemen,W,3,33,7,71,0.366,33,8,13,26,7,3,7,1,6.5,0,47.5,M,penn state
04/26/2025,Princeton,W,3,45,16,100,0.29,40,5,7,34,7,0,16,1,8,1,58,M,penn state
04/24/2025,NJIT,W,3,44,14,85,0.353,43,5,10,14,1,1,21,2,11.5,0,60.5,M,penn state
04/23/2025,Harvard,W,3,36,16,76,0.263,34,7,13,24,3,1,14,0,8,0,51,M,penn state
04/19/2025,Princeton,W,3,40,12,76,0.368,39,11,14,18,2,0,9,1,4.5,0,55.5,M,penn state
04/18/2025,Princeton,L,4,46,31,131,0.115,43,3,15,45,4,1,20,1,11,0,60,M,penn state
04/12/2025,George Mason,W,5,71,35,156,0.231,68,7,19,49,7,1,33,1,17.5,0,95.5,M,penn state
04/11/2025,George Mason,W,5,56,21,122,0.287,54,4,17,47,3,1,16,1,9,0,69,M,penn state
04/05/2025,Sacred Heart,W,4,57,15,100,0.42,53,6,14,27,6,2,18,2,11,0,74,M,penn state
04/04/2025,Sacred Heart,W,3,36,12,80,0.3,31,6,14,26,2,1,13,4,7.5,0,49.5,M,penn state
03/29/2025,Charleston (WV),L,4,61,19,133,0.316,61,7,11,33,4,3,19,4,12.5,0,80.5,M,penn state
03/28/2025,Charleston (WV),W,3,37,10,73,0.37,35,5,15,19,3,2,14,3,9,0,51,M,penn state
03/15/2025,Ball St.,L,5,52,23,120,0.242,50,5,17,32,9,2,10,0,7,0,64,M,penn state
03/14/2025,Hawaii,L,3,25,21,81,0.049,24,1,8,22,6,0,4,2,2,0,28,M,penn state
03/13/2025,Southern California,L,3,28,31,86,-0.035,26,7,8,16,6,1,21,0,11.5,0,46.5,M,penn state
03/09/2025,Grand Canyon,L,3,34,18,95,0.168,32,3,11,33,2,1,19,0,10.5,0,47.5,M,penn state
03/08/2025,Grand Canyon,L,3,26,18,78,0.103,19,2,13,22,8,1,8,0,5,0,33,M,penn state
02/28/2025,Merrimack,W,4,46,13,98,0.337,44,6,18,27,7,5,14,2,12,0,64,M,penn state
02/22/2025,NJIT,W,4,57,23,117,0.291,54,2,16,34,2,1,23,3,12.5,1,71.5,M,penn state
02/21/2025,NJIT,L,3,32,15,70,0.243,32,3,11,16,8,3,6,0,6,1,41,M,penn state
02/15/2025,Saint Francis,W,3,37,14,67,0.343,35,5,12,25,4,1,8,1,5,0,47,M,penn state
02/14/2025,Saint Francis,W,3,29,10,68,0.279,27,3,12,21,2,5,14,0,12,0,44,M,penn state
02/08/2025,Harvard,W,3,36,18,85,0.212,32,4,6,24,3,3,18,2,12,0,52,M,penn state
02/07/2025,Harvard,L,3,29,18,77,0.143,28,1,15,22,7,2,5,1,4.5,1,34.5,M,penn state
02/01/2025,Southern California,L,4,52,16,109,0.33,50,5,16,35,4,2,7,2,5.5,0,62.5,M,penn state
01/31/2025,UCLA,L,3,27,16,64,0.172,26,5,15,16,6,1,6,1,4,0,36,M,penn state
01/18/2025,Stanford,L,4,38,23,108,0.139,35,5,31,31,6,1,22,1,12,0,55,M,penn state
01/17/2025,UCLA,L,3,22,22,60,0,18,4,21,10,5,1,8,0,5,0,31,M,penn state
01/11/2025,Lewis,L,3,33,16,72,0.236,31,3,19,20,8,0,6,1,3,0,39,M,penn state
01/10/2025,Loyola Chicago,L,4,39,16,89,0.258,36,3,24,30,9,2,21,2,12.5,0,54.5,M,penn state
01/03/2025,McKendree,W,4,57,19,105,0.362,55,7,18,30,6,2,11,0,7.5,0,71.5,M,hawaii
01/05/2025,McKendree,W,3,47,9,82,0.463,45,5,12,25,2,0,9,1,4.5,0,56.5,M,hawaii
01/08/2025,Harvard,W,3,39,7,80,0.4,37,5,14,21,4,1,21,0,11.5,0,55.5,M,hawaii
1/10/2025,Harvard,W,5,62,17,114,0.395,56,8,22,32,8,3,25,3,15.5,0,85.5,M,hawaii
1/15/2025,Princeton,W,4,48,16,84,0.381,44,16,16,18,6,1,2,0,2,0,66,M,hawaii
1/17/2025,Princeton,W,3,39,14,75,0.333,34,9,14,21,0,2,15,0,9.5,0,57.5,M,hawaii
1/31/2025,BYU,W,5,61,23,123,0.309,55,11,23,27,2,1,35,2,18.5,0,90.5,M,hawaii
02/01/2025,BYU,W,4,45,22,106,0.217,44,5,12,24,4,2,29,2,16.5,0,66.5,M,hawaii
02/05/2025,Stanford,W,5,56,24,119,0.269,56,11,18,37,7,2,6,5,5,0,72,M,hawaii
02/07/2025,Stanford,L,4,56,19,115,0.322,52,8,14,36,6,3,14,4,10,0,74,M,hawaii
2/20/2025,Belmont Abbey,W,3,46,10,79,0.456,46,5,14,30,1,2,13,1,8.5,0,59.5,M,hawaii
2/21/2025,Queens (NC),W,3,42,13,82,0.354,39,6,12,32,2,3,4,0,5,0,53,M,hawaii
2/22/2025,Cawba,W,4,57,16,119,0.345,50,7,14,39,2,3,17,2,11.5,0,75.5,M,hawaii
2/22/2025,Queens (NC),W,4,59,13,108,0.426,53,7,16,41,3,0,11,1,5.5,0,71.5,M,hawaii
2/28/2025,UC Irvine,W,3,48,14,93,0.366,44,6,14,29,4,0,9,2,4.5,0,58.5,M,hawaii
03/02/2025,UC Irvine,W,3,42,9,86,0.384,38,7,12,25,6,1,20,1,11,0,60,M,hawaii
03/05/2025,Lindenwood,W,3,42,7,67,0.522,41,5,11,17,4,1,17,2,9.5,0,56.5,M,hawaii
03/07/2025,Lindenwood,W,4,50,18,105,0.305,47,2,14,32,4,2,17,1,10.5,1,62.5,M,hawaii
3/13/2025,Ball St.,W,3,46,12,84,0.405,42,7,15,25,2,2,13,1,8.5,0,61.5,M,hawaii
3/14/2025,Penn St.,W,3,39,10,73,0.397,38,6,12,30,1,1,18,1,10,0,55,M,hawaii
3/15/2025,Southern California,L,4,63,23,132,0.303,62,6,14,40,7,0,11,1,5.5,0,74.5,M,hawaii
3/28/2025,UC San Diego,W,3,44,14,92,0.326,40,6,13,33,1,1,12,3,7,0,57,M,hawaii
3/29/2025,UC San Diego,W,4,56,15,105,0.39,50,3,18,28,8,2,14,4,9,0,68,M,hawaii
04/04/2025,CSUN,L,3,30,16,64,0.219,28,1,10,18,3,0,6,0,3,0,34,M,hawaii
04/05/2025,CSUN,W,3,42,16,76,0.342,35,8,20,18,3,0,12,2,6,0,56,M,hawaii
4/11/2025,Long Beach St.,L,4,51,19,109,0.294,51,3,17,33,6,2,7,0,5.5,0,59.5,M,hawaii
4/12/2025,Long Beach St.,W,5,54,22,111,0.288,48,2,17,27,5,5,11,4,10.5,0,66.5,M,hawaii
4/18/2025,UC Santa Barbara,W,4,50,21,117,0.248,46,8,13,35,4,4,13,4,10.5,0,68.5,M,hawaii
4/19/2025,UC Santa Barbara,L,3,38,15,86,0.267,35,4,8,35,7,2,10,2,7,0,49,M,hawaii
4/25/2025,UC Irvine,W,4,49,16,108,0.306,46,8,19,33,12,2,25,2,14.5,0,71.5,M,hawaii
4/26/2025,Long Beach St.,W,4,51,12,95,0.411,47,5,11,24,8,3,8,1,7,0,63,M,hawaii
05/08/2025,Penn St.,W,4,52,23,122,0.238,45,10,14,30,4,1,18,5,10,0,72,M,hawaii
5/10/2025,UCLA,L,3,30,14,85,0.188,26,3,14,22,6,0,8,2,4,0,37,M,hawaii
1/11/2025, Southern California,L,3,32,20,96,0.125,30,1,10,34,2,1,5,1,3.5,0,36.5,M,princeton
1/15/2025, Hawaii,L,4,42,13,81,0.358,40,6,17,15,16,1,10,2,6,0,54,M,princeton
1/17/2025, Hawaii,L,3,29,19,74,0.135,28,0,8,20,9,1,15,1,8.5,0,37.5,M,princeton
1/24/2025, Saint Francis,W,5,47,19,96,0.292,45,7,31,41,11,1,3,3,2.5,0,56.5,M,princeton
1/26/2025, Queens (NC),W,3,37,9,66,0.424,35,7,16,20,3,1,4,0,3,1,47,M,princeton
1/31/2025, FDU,W,3,32,8,59,0.407,31,9,16,21,4,2,18,0,11,0,52,M,princeton
2/7/2025, LIU,L,4,49,29,134,0.149,43,3,14,50,4,2,17,0,10.5,1,62.5,M,princeton
2/14/2025, NJIT,W,4,50,17,96,0.344,48,5,17,31,7,2,17,0,10.5,0,65.5,M,princeton
2/21/2025, Charleston (WV),L,4,53,18,119,0.294,52,7,22,32,6,2,12,0,8,0,68,M,princeton
2/22/2025, Charleston (WV),W,4,54,18,109,0.33,51,6,16,35,3,9,10,0,14,0,74,M,princeton
2/28/2025, NJIT,W,4,43,17,83,0.313,36,7,18,22,4,4,23,0,15.5,0,65.5,M,princeton
3/1/2025, Lincoln Memorial,L,3,33,12,82,0.256,30,2,15,20,7,2,9,0,6.5,0,41.5,M,princeton
3/10/2025, UC San Diego,L,4,39,17,90,0.244,36,2,20,24,10,1,16,0,9,1,50,M,princeton
3/12/2025, CSUN,L,4,54,22,101,0.317,52,4,19,27,3,3,6,0,6,0,64,M,princeton
3/15/2025, Long Beach St.,L,3,27,15,74,0.162,26,1,13,18,8,1,13,6,7.5,0,35.5,M,princeton
3/22/2025, Daemen,W,4,47,13,95,0.358,43,12,18,26,6,1,15,0,8.5,0,67.5,M,princeton
3/28/2025, Sacred Heart,W,4,42,25,106,0.16,41,4,15,41,1,2,20,2,12,0,58,M,princeton
3/29/2025, Sacred Heart,W,3,37,10,75,0.36,33,6,9,27,4,1,14,0,8,0,51,M,princeton
4/4/2025, George Mason,W,4,53,15,114,0.333,51,8,16,48,4,2,46,0,25,0,86,M,princeton
4/5/2025, George Mason,W,3,38,14,74,0.324,33,5,14,31,3,4,10,0,9,0,52,M,princeton
4/11/2025, Harvard,W,3,51,13,97,0.392,48,4,16,27,3,4,7,0,7.5,0,62.5,M,princeton
4/12/2025, Harvard,W,5,51,26,122,0.205,47,6,16,34,10,5,8,0,9,0,66,M,princeton
4/18/2025, Penn St.,W,4,49,23,121,0.215,46,4,18,40,3,2,32,0,18,0,71,M,princeton
4/19/2025, Penn St.,L,3,31,11,62,0.323,29,2,12,20,11,0,10,0,5,1,38,M,princeton
4/24/2025, George Mason,W,4,60,19,115,0.357,57,7,20,29,3,0,26,5,13,0,80,M,princeton
4/26/2025, Penn St.,L,3,32,18,88,0.159,31,7,9,28,5,2,9,3,6.5,0,45.5,M,princeton
1/9/2025, Daemen,W,4,44,13,98,0.316,40,4,18,31,5,1,24,5,13,0,61,M,usc
1/11/2025, Princeton,W,3,42,13,95,0.305,39,2,16,33,1,3,16,1,11,0,55,M,usc
1/17/2025, D'Youville,W,3,32,8,72,0.333,28,4,13,29,4,4,10,0,9,0,45,M,usc
1/18/2025, Emmanuel (GA),W,3,36,6,61,0.492,30,5,9,29,1,1,21,2,11.5,0,52.5,M,usc
1/22/2025, CSUN,W,4,57,13,113,0.389,49,3,13,37,3,2,30,2,17,0,77,M,usc
1/29/2025, Central St. (OH),W,3,44,7,75,0.493,38,3,7,32,0,0,18,2,9,0,56,M,usc
1/31/2025, Ohio St.,W,4,56,11,90,0.5,54,2,15,23,5,1,25,2,13.5,0,71.5,M,usc
2/1/2025, Penn St.,W,4,59,7,110,0.473,55,4,19,35,5,0,14,0,7,0,70,M,usc
2/8/2025, Dominican (NY),W,3,42,4,55,0.691,38,8,10,25,0,0,8,4,4,0,54,M,usc
2/12/2025, UC Irvine,L,5,75,23,167,0.311,71,3,16,58,4,2,16,4,10,0,88,M,usc
2/14/2025, UC Irvine,L,3,40,20,94,0.213,40,1,9,26,3,0,8,2,4,0,45,M,usc
2/26/2025, Vanguard,W,3,43,10,73,0.452,41,7,16,24,3,1,17,1,9.5,0,59.5,M,usc
2/28/2025, Vanguard,W,3,45,7,85,0.447,40,2,15,42,3,1,16,0,9,0,56,M,usc
3/7/2025, BYU,W,5,66,24,126,0.333,65,2,18,39,13,1,30,6,16,1,84,M,usc
3/8/2025, BYU,W,3,46,9,94,0.394,43,2,11,28,4,1,20,6,11,0,59,M,usc
3/13/2025, Penn St.,W,3,30,15,65,0.231,30,6,9,21,7,4,24,2,16,0,52,M,usc
3/14/2025, Ball St.,W,3,50,14,87,0.414,48,5,11,28,0,0,6,0,3,0,58,M,usc
3/15/2025, Hawaii,W,4,57,11,118,0.39,55,7,10,35,6,1,17,2,9.5,0,73.5,M,usc
3/28/2025, Grand Canyon,W,4,53,10,98,0.439,51,6,18,28,3,4,13,4,10.5,0,69.5,M,usc
3/29/2025, Grand Canyon,W,4,55,19,129,0.279,50,2,11,47,4,1,14,1,8,0,65,M,usc
4/3/2025, Pepperdine,W,4,57,17,132,0.303,52,5,12,42,4,0,23,3,11.5,0,73.5,M,usc
4/5/2025, Pepperdine,L,4,39,24,113,0.133,38,4,12,34,7,0,16,1,8,0,51,M,usc
4/11/2025, Stanford,L,5,56,19,131,0.282,48,2,14,33,4,3,18,1,12,0,70,M,usc
4/12/2025, Stanford,L,4,62,22,142,0.282,61,3,12,40,4,2,17,5,10.5,0,75.5,M,usc
4/17/2025, UCLA,L,5,44,21,104,0.221,44,5,17,29,8,4,17,4,12.5,0,61.5,M,usc
4/19/2025, UCLA,W,3,35,9,61,0.426,31,7,14,14,3,5,8,1,9,0,51,M,usc
4/25/2025, Stanford,W,4,49,19,101,0.297,47,3,16,26,4,7,20,1,17,0,69,M,usc
4/26/2025, Pepperdine,L,4,48,17,134,0.231,47,2,19,49,8,4,23,1,15.5,2,65.5,M,usc
04/17/2024,Southern California,L,5,70,21,139,0.353,68,6,22,45,6,3,12,3,9,0,85,M,byu
04/06/2024,Southern California,L,5,70,25,160,0.281,66,12,21,42,5,1,23,3,12.5,0,94.5,M,byu
04/05/2024,Southern California,W,4,52,18,92,0.37,50,3,17,30,3,1,24,2,13,0,68,M,byu
03/30/2024,CUI,W,3,41,7,80,0.425,35,4,12,30,0,0,12,0,6,0,51,M,byu
03/29/2024,CUI,W,3,45,17,98,0.286,43,4,17,32,4,1,16,0,9,2,58,M,byu
03/23/2024,Pepperdine,W,5,67,16,138,0.37,60,3,19,53,8,3,28,3,17,0,87,M,byu
03/22/2024,Pepperdine,W,5,53,28,121,0.207,51,9,12,45,4,1,22,0,12,0,74,M,byu
03/09/2024,Stanford,L,3,37,18,85,0.224,36,2,8,33,12,1,5,2,3.5,0,42.5,M,byu
03/08/2024,Stanford,W,5,64,18,143,0.322,60,6,17,46,9,1,11,0,6.5,0,76.5,M,byu
02/24/2024,UCLA,L,5,45,19,131,0.198,42,3,20,35,8,1,11,1,6.5,0,54.5,M,byu
02/23/2024,UCLA,W,5,61,15,118,0.39,56,11,27,27,3,1,0,0,1,0,73,M,byu
02/17/2024,Grand Canyon,L,3,36,15,76,0.276,33,4,12,21,5,0,12,3,6,1,46,M,byu
02/16/2024,Grand Canyon,L,3,45,20,111,0.225,41,3,16,24,5,2,9,0,6.5,2,54.5,M,byu
02/10/2024,LIU,W,3,34,9,80,0.313,36,9,16,16,0,2,17,1,10.5,0,53.5,M,byu
02/08/2024,LIU,W,3,39,18,85,0.247,35,6,11,23,1,1,8,0,5,0,50,M,byu
01/27/2024,UC Irvine,L,5,55,32,137,0.168,51,7,17,45,4,1,14,2,8,1,70,M,byu
01/26/2024,UC Irvine,L,4,44,14,112,0.268,40,2,14,34,9,1,23,0,12.5,0,58.5,M,byu
01/23/2024,Princeton,W,3,37,10,73,0.37,37,4,13,22,3,0,4,0,2,0,43,M,byu
01/22/2024,Princeton,W,3,31,11,61,0.328,30,4,15,20,5,1,16,1,9,0,44,M,byu
01/20/2024,UC Santa Barbara,W,3,46,11,77,0.455,44,4,21,18,3,0,15,1,7.5,0,57.5,M,byu
01/19/2024,UC Santa Barbara,W,4,49,16,101,0.327,49,7,16,34,10,2,7,2,5.5,1,61.5,M,byu
01/13/2024,Lewis,L,5,47,16,113,0.274,42,9,18,34,9,0,16,0,8,1,64,M,byu
01/11/2024,Loyola Chicago,W,5,61,24,126,0.294,60,5,16,47,9,0,19,1,9.5,0,75.5,M,byu
01/06/2024,Ball St.,W,3,29,7,58,0.379,26,6,14,18,1,2,11,2,7.5,0,42.5,M,byu
01/05/2024,Ball St.,W,3,39,15,78,0.308,37,4,13,24,0,3,5,0,5.5,0,48.5,M,byu
1/10/2025, Saint Francis,W,3,32,3,63,0.46,28,5,18,21,4,1,12,1,7,0,44,M,ucla
1/17/2025, Penn St.,W,3,27,11,53,0.302,27,5,22,15,4,2,18,1,11,0,43,M,ucla
1/18/2025, Ohio St.,L,4,47,15,91,0.352,45,4,27,25,7,3,18,2,12,0,63,M,ucla
1/23/2025, UC San Diego,W,4,51,17,109,0.312,49,16,25,34,11,2,10,1,7,0,74,M,ucla
1/24/2025, CSUN,W,4,47,15,88,0.364,42,12,14,32,7,1,24,2,13,0,72,M,ucla
1/31/2025, Penn St.,W,3,41,10,69,0.449,39,6,21,16,5,0,13,0,6.5,0,53.5,M,ucla
2/1/2025, Ohio St.,W,4,48,15,101,0.327,46,12,19,27,7,0,25,0,12.5,0,72.5,M,ucla
2/7/2025, Long Beach St.,L,4,44,16,92,0.304,41,3,26,19,9,1,10,3,6,0,53,M,ucla
2/12/2025, Long Beach St.,L,3,38,12,72,0.361,36,1,15,16,3,1,8,0,5,0,44,M,ucla
2/19/2025, UC Irvine,W,3,45,11,77,0.442,41,4,22,23,9,0,14,3,7,0,56,M,ucla
2/22/2025, UC Irvine,W,5,56,15,101,0.406,54,13,20,30,3,1,14,5,8,1,77,M,ucla
2/26/2025, UC Santa Barbara,W,4,41,18,97,0.237,37,9,21,23,5,2,15,0,9.5,0,59.5,M,ucla
2/28/2025, UC Santa Barbara,W,4,53,7,86,0.535,52,4,26,31,4,0,16,0,8,0,65,M,ucla
3/6/2025, Stanford,W,4,55,13,101,0.416,53,8,30,25,4,1,16,0,9,1,72,M,ucla
3/7/2025, Stanford,W,3,34,15,75,0.253,29,5,21,24,3,1,27,0,14.5,0,53.5,M,ucla
3/13/2025, Vanguard,W,3,37,12,74,0.338,34,7,21,14,2,1,15,1,8.5,0,52.5,M,ucla
3/15/2025, Vanguard,W,3,37,11,70,0.371,32,9,19,24,4,2,16,1,10,0,56,M,ucla
3/27/2025, Pepperdine,W,3,47,9,91,0.418,45,8,14,26,5,1,7,4,4.5,0,59.5,M,ucla
3/29/2025, Pepperdine,W,4,59,8,111,0.459,53,5,22,35,4,2,21,0,12.5,0,76.5,M,ucla
4/4/2025, Grand Canyon,L,3,43,26,109,0.156,41,2,21,30,3,3,5,1,5.5,0,50.5,M,ucla
4/5/2025, Grand Canyon,W,5,62,19,125,0.344,53,10,42,39,6,1,10,3,6,0,78,M,ucla
4/11/2025, BYU,W,5,64,15,120,0.408,61,12,31,31,6,3,18,0,12,0,88,M,ucla
4/12/2025, BYU,W,4,58,12,96,0.479,51,7,29,23,7,0,23,1,11.5,0,76.5,M,ucla
4/17/2025, Southern California,W,5,64,19,121,0.372,60,8,30,31,5,0,12,1,6,0,78,M,ucla
4/19/2025, Southern California,L,3,40,14,77,0.338,38,3,19,12,7,1,4,2,3,0,46,M,ucla
4/25/2025, Pepperdine,L,5,56,19,101,0.366,52,15,28,24,4,4,16,5,12,0,83,M,ucla
5/8/2025, Belmont Abbey,W,3,44,9,77,0.455,40,5,14,18,1,3,20,0,13,0,62,M,ucla
5/10/2025, Hawaii,W,3,40,10,81,0.37,37,6,16,34,3,2,18,1,11,0,57,M,ucla
5/12/2025, Long Beach St.,L,3,29,15,73,0.192,29,3,18,10,5,1,14,2,8,0,40,M,ucla
04/25/2025,Southern California,L,4,47,24,120,0.192,45,4,22,22,3,3,14,0,10,0,61,M,standford
04/24/2025,BYU,W,5,53,23,123,0.244,51,10,19,33,8,3,25,1,15.5,0,78.5,M,standford
04/23/2025,Menlo,W,4,60,17,112,0.384,55,0,20,32,7,2,20,2,12,0,72,M,standford
04/18/2025,Grand Canyon,L,5,53,20,119,0.277,53,8,27,37,7,1,17,3,9.5,0,70.5,M,standford
04/17/2025,Grand Canyon,L,5,50,18,106,0.302,48,9,24,26,8,0,18,2,9,0,68,M,standford
04/12/2025,Southern California,W,4,65,19,137,0.336,63,4,16,48,3,4,13,1,10.5,0,79.5,M,standford
04/11/2025,Southern California,W,5,73,23,139,0.36,70,4,19,44,2,1,11,2,6.5,0,83.5,M,standford
04/04/2025,BYU,L,4,43,14,107,0.271,41,1,28,19,3,1,27,1,14.5,0,58.5,M,standford
04/03/2025,BYU,L,3,36,15,75,0.28,33,0,16,17,4,0,14,4,7,0,43,M,standford
03/29/2025,Menlo,W,3,46,12,86,0.395,46,5,14,22,5,1,14,3,8,0,59,M,standford
03/28/2025,Menlo,W,3,33,12,69,0.304,33,6,13,18,1,1,10,0,6,0,45,M,standford
03/15/2025,Pepperdine,L,4,51,21,108,0.278,50,1,20,26,2,0,12,1,6,0,58,M,standford
03/14/2025,Pepperdine,L,4,42,26,110,0.145,40,4,14,31,7,2,6,0,5,0,51,M,standford
03/07/2025,UCLA,L,3,26,20,79,0.076,24,3,16,17,5,1,15,1,8.5,0,37.5,M,standford
03/06/2025,UCLA,L,4,37,16,89,0.236,35,4,17,28,8,1,4,1,3,1,44,M,standford
03/01/2025,UC San Diego,L,5,60,26,134,0.254,60,5,23,44,4,1,12,2,7,0,72,M,standford
02/28/2025,UC Merced,W,3,33,12,75,0.28,29,3,13,28,3,1,6,3,4,0,40,M,standford
02/22/2025,Vanguard,W,3,34,14,76,0.263,31,5,17,22,6,2,19,1,11.5,2,50.5,M,standford
02/21/2025,Vanguard,W,4,49,9,99,0.404,41,8,13,31,4,0,7,5,3.5,0,60.5,M,standford
02/15/2025,Master's,L,5,65,17,152,0.316,62,8,29,48,6,2,12,0,8,0,81,M,standford
02/07/2025,Hawaii,W,4,56,17,124,0.315,54,6,14,33,8,1,13,0,7.5,0,69.5,M,standford
02/05/2025,Hawaii,L,5,54,18,124,0.29,51,7,24,33,11,4,16,2,12,0,73,M,standford
02/01/2025,UC Irvine,L,3,42,19,102,0.225,39,2,19,37,6,1,11,3,6.5,0,50.5,M,standford
01/31/2025,UC Irvine,L,3,34,18,78,0.205,33,2,10,24,9,0,10,1,5,0,41,M,standford
01/18/2025,Penn St.,W,4,42,18,99,0.242,37,6,31,37,5,0,20,0,10,0,58,M,standford
01/17/2025,Ohio St.,W,3,30,14,65,0.246,29,11,15,20,2,1,24,0,13,0,54,M,standford
01/11/2025,Ball St.,W,3,47,17,83,0.361,45,5,12,26,4,0,7,0,3.5,0,55.5,M,standford
01/10/2025,Ball St.,L,3,42,18,93,0.258,41,5,12,34,4,0,2,1,1,0,48,M,standford